﻿<?xml version="1.0" encoding="utf-8" standalone="no" ?>
<modDesc descVersion="61">
    <author>Credence</author>
    <version>1.0</version>
    <title>
        <en>Locura Direct Multi-Seeder</en>
    </title>
    <description>
        <en>Locrua Direct Multi-Seeder</en>
    </description>
    <iconFilename>store_citan15001C.dds</iconFilename>
    <storeItems>
        <storeItem xmlFilename="directmultiseeder.xml"/>
    </storeItems>
<brands>
<brand name="Locura" title="Locura" image="brand_locura.dds"/>
</brands>
<multiplayer supported="true" />
</modDesc>
